{
  "project_info": {
    "project_number": "404300489435",
    "firebase_url": "https://tambol-40d61.firebaseio.com",
    "project_id": "tambol-40d61",
    "storage_bucket": "tambol-40d61.appspot.com"
  },
  "client": [
    {
      "client_info": {
        "mobilesdk_app_id": "1:404300489435:android:b570674863f3f9676122fe",
        "android_client_info": {
          "package_name": "com.rejak.tambol"
        }
      },
      "oauth_client": [
        {
          "client_id": "404300489435-gt17opktuhiluve2kc3vpn0s669aospi.apps.googleusercontent.com",
          "client_type": 1,
          "android_info": {
            "package_name": "com.rejak.tambol",
            "certificate_hash": "bc0d706774a9b292f2d5b454770d324707e40376"
          }
        },
        {
          "client_id": "404300489435-d4pqujiok07pc7hpuf0g4a3h8jh6sj7s.apps.googleusercontent.com",
          "client_type": 3
        }
      ],
      "api_key": [
        {
          "current_key": "AIzaSyAUWlJymIz9x-5RtbebCkcLzUhg10CD1Kw"
        }
      ],
      "services": {
        "appinvite_service": {
          "other_platform_oauth_client": [
            {
              "client_id": "404300489435-d4pqujiok07pc7hpuf0g4a3h8jh6sj7s.apps.googleusercontent.com",
              "client_type": 3
            }
          ]
        }
      }
    }
  ],
  "configuration_version": "1"
}