{
  "project_info": {
    "project_number": "482158355099",
    "firebase_url": "https://tambol-66916.firebaseio.com",
    "project_id": "tambol-66916",
    "storage_bucket": "tambol-66916.appspot.com"
  },
  "client": [
    {
      "client_info": {
        "mobilesdk_app_id": "1:482158355099:android:b72142188dd8e9f79b9c3e",
        "android_client_info": {
          "package_name": "com.rejak.tambol"
        }
      },
      "oauth_client": [
        {
          "client_id": "482158355099-5m8ufhp9hhane8fpcr7s2lpt3r6hdqe5.apps.googleusercontent.com",
          "client_type": 1,
          "android_info": {
            "package_name": "com.rejak.tambol",
            "certificate_hash": "ef08035fdb4093a731ecfa9e5b66c4284b6dcba2"
          }
        },
        {
          "client_id": "482158355099-fqqufm275cjvtnpjrvhfa1q1ece4nnbp.apps.googleusercontent.com",
          "client_type": 3
        }
      ],
      "api_key": [
        {
          "current_key": "AIzaSyCMEG3q6hlUEpr9cJEVUL4v7q9FDNMpdKE"
        }
      ],
      "services": {
        "appinvite_service": {
          "other_platform_oauth_client": [
            {
              "client_id": "482158355099-fqqufm275cjvtnpjrvhfa1q1ece4nnbp.apps.googleusercontent.com",
              "client_type": 3
            }
          ]
        }
      }
    }
  ],
  "configuration_version": "1"
}